,0,1
0,300 BLOCK OF SHIRLEY AVENUE,
1,LLEWELLYN AVENUE,SHIRLEY AVENUE
2,LLEWELLYN AVENUE,W PRINCESS ANNE ROAD
3,900 BLOCK OF TIDEWATER DRIVE,
4,CAMPOSTELLA ROAD,E BRAMBLETON AVENUE
5,2800 BLOCK OF E VIRGINIA BEACH BOULEVARD,
6,3500 BLOCK OF SEWELLS POINT ROAD,
7,E LITTLE CREEK ROAD,GALVESTON BOULEVARD
8,4TH VIEW STREET,W OCEAN VIEW AVENUE
9,300 BLOCK OF E LITTLE CREEK ROAD,
10,E LITTLE CREEK ROAD,SAN ANTONIO BOULEVARD
11,ALEXANDER STREET,STRAND STREET
12,300 BLOCK OF SAN ANTONIO BOULEVARD,
13,400 BLOCK OF SAN ANTONIO BOULEVARD,
14,1100 BLOCK OF GEORGETOWN ROAD,
15,E BRAMBLETON AVENUE,SAINT PAULS BOULEVARD
16,BOUSH STREET,W OLNEY ROAD
17,E BRAMBLETON AVENUE,I-264W HIGHWAY
18,BALDWIN AVENUE,STOCKLEY GARDENS
19,CHURCH STREET,GOFF STREET
20,CHURCH STREET,E PRINCESS ANNE ROAD
21,E PRINCESS ANNE ROAD,MONTICELLO AVENUE
22,DEBREE AVENUE,W PRINCESS ANNE ROAD
23,INGLESIDE ROAD,E PRINCESS ANNE ROAD
24,E VIRGINIA BEACH BOULEVARD,TIDEWATER DRIVE
25,GOSNOLD AVENUE,W 26TH STREET
26,MUNSON STREET,W 26TH STREET
27,NEWPORT AVENUE,W 26TH STREET
28,COLONIAL AVENUE,W 26TH STREET
29,ARGONNE AVENUE,KITCHENER AVENUE
30,6200 BLOCK OF GENEVA WAY,
31,CHESAPEAKE BOULEVARD,FISHERMANS ROAD
32,2000 BLOCK OF E OCEAN VIEW AVENUE,
33,6600 BLOCK OF AZALEA GARDEN ROAD,
34,1000 BLOCK OF WARWICK AVENUE,
35,700 BLOCK OF EUWANEE PLACE,
36,100 BLOCK OF E WESTMONT AVENUE,
37,E BAYVIEW BOULEVARD,STURGIS STREET
38,CHESAPEAKE BOULEVARD,MIDDLETON PLACE
39,6500 BLOCK OF CHESAPEAKE BOULEVARD,
40,6200 BLOCK OF EDWARD STREET,
41,2400 BLOCK OF SEWELLS POINT ROAD,
42,ALDER STREET,DENVER AVENUE
43,TABB STREET,TIDEWATER DRIVE
44,1600 BLOCK OF MORRIS AVENUE,
45,E OCEAN VIEW AVENUE,STURGIS STREET
46,401 MONTICELLO AVENUE,
47,E 9TH STREET,MONTICELLO AVENUE
48,MARTONE ROAD,OLEO ROAD
49,900 BLOCK OF BOTETOURT GARDENS,
50,810 UNION STREET,
51,1600 BLOCK OF MADISON AVENUE,
52,900 BLOCK OF MADISON AVENUE,
53,E BRAMBLETON AVENUE,TIDEWATER DRIVE
54,CHURCH STREET,E BRAMBLETON AVENUE
55,CHAPEL STREET,E BRAMBLETON AVENUE
56,E BRAMBLETON AVENUE,ROSWELL AVENUE
57,E BRAMBLETON AVENUE,LANDING STREET
58,EVELYN T BUTTS AVENUE,AVENUE J
59,BERKLEY AVENUE EX,CAMPOSTELLA ROAD
60,800 BLOCK OF TIDEWATER DRIVE,
61,700 BLOCK OF TIDEWATER DRIVE,
62,GRANBY STREET,E WESTMONT AVENUE
63,400 BLOCK OF TIDEWATER DRIVE,
64,500 BLOCK OF TIDEWATER DRIVE,
65,600 BLOCK OF TIDEWATER DRIVE,
66,JOHNSTONS ROAD,NORTH GATE DRIVE
67,1800 BLOCK OF E LITTLE CREEK ROAD,
68,DEBREE AVENUE,W 29TH STREET
69,3900 BLOCK OF PLEASANT AVENUE,
70,2700 BLOCK OF PLEASANT AVENUE,
71,9500 BLOCK OF 15TH BAY STREET,
72,19TH BAY STREET,PLEASANT AVENUE
73,20TH BAY STREET,PLEASANT AVENUE
74,7TH BAY STREET,PLEASANT AVENUE
75,8TH BAY STREET,PLEASANT AVENUE
76,E LITTLE CREEK ROAD,FORT WORTH AVENUE
77,COLONIAL AVENUE,W PRINCESS ANNE ROAD
78,BLOW STREET,W PRINCESS ANNE ROAD
79,E VIRGINIA BEACH BOULEVARD,MAY AVENUE
80,CECELIA STREET,E OLNEY ROAD
81,E OLNEY ROAD,MALTBY CRESCENT
82,GRANBY STREET,W PRINCESS ANNE ROAD
83,E VIRGINIA BEACH BOULEVARD,PARK AVENUE
84,E BRAMBLETON AVENUE,PARK AVENUE
85,LAFAYETTE BOULEVARD,VERDUN AVENUE
86,LAFAYETTE BOULEVARD,LENS AVENUE
87,BIRCH STREET,ROBIN HOOD ROAD
88,5900 BLOCK OF POPLAR HALL DRIVE,
89,E VIRGINIA BEACH BOULEVARD,TIDEWATER DRIVE
90,E BRAMBLETON AVENUE,TIDEWATER DRIVE
91,600 BLOCK OF RESERVOIR AVENUE,
92,9500 BLOCK OF 10TH BAY STREET,
93,21ST BAY STREET,PRETTY LAKE AVENUE
94,16TH BAY STREET,PLEASANT AVENUE
95,19TH BAY STREET,PLEASANT AVENUE
96,8500 BLOCK OF GRANBY STREET,
97,1224 HANSON AVENUE,
98,2500 BLOCK OF WOOLSEY STREET,
99,19TH BAY STREET,PLEASANT AVENUE
100,2200 BLOCK OF KIMBALL TERRACE,
101,CROMWELL ROAD,LAFAYETTE BOULEVARD
102,1122 AZALEA GARDEN ROAD,
103,2205 MCKANN AVENUE,
104,MONTICELLO AVENUE,E 21ST STREET
105,MONTICELLO AVENUE,E 22ND STREET
106,MONTICELLO AVENUE,E 23RD STREET
107,MONTICELLO AVENUE,E 24TH STREET
108,MONTICELLO AVENUE,E 25TH STREET
109,900 BLOCK OF BAGNALL ROAD,
110,BOUSH STREET,W OLNEY ROAD
111,W OLNEY ROAD,W VIRGINIA BEACH BOULEVARD
112,1600 BLOCK OF MELON STREET,
113,GRACE STREET,YARMOUTH STREET
114,DELAWARE AVENUE,LLEWELLYN AVENUE
115,4600 BLOCK OF MAYFLOWER ROAD,
116,400 BLOCK OF TIDEWATER DRIVE,
117,DUKE STREET,W VIRGINIA BEACH BOULEVARD
118,BOUSH STREET,W VIRGINIA BEACH BOULEVARD
119,7TH BAY STREET,PRETTY LAKE AVENUE
120,3RD BAY STREET,PRETTY LAKE AVENUE
121,300 BLOCK OF E LITTLE CREEK ROAD,
122,I-264W HIGHWAY,BALLENTINE BOULEVARD
123,TIDEWATER DRIVE,WILLOW WOOD DRIVE
124,E VIRGINIA BEACH BOULEVARD,PARK AVENUE
125,E BRAMBLETON AVENUE,I-264W HIGHWAY
126,SCOTT STREET,TRANT AVENUE
127,1100 BLOCK OF MARINER STREET,
128,FISHERMANS ROAD,CHESAPEAKE BOULEVARD
129,E BRAMBLETON AVENUE,CAMPOSTELLA ROAD
130,E PRINCESS ANNE ROAD,SALTER STREET
131,E PRINCESS ANNE ROAD,MONTICELLO AVENUE
132,GOFF STREET,OKEEFE STREET
133,B AVENUE,SUTTON STREET
134,6345 EDWARD STREET,
135,MORTON AVENUE,W 25TH STREET
136,1200 BLOCK OF GOFF STREET,
137,17TH STREET,MONTICELLO AVENUE
138,300 BLOCK OF S NEWTOWN ROAD,
139,6100 BLOCK OF SEWELLS POINT ROAD,
140,1400 BLOCK OF KEMPSVILLE ROAD,
141,1200 BLOCK OF STRAND STREET,
142,9500 BLOCK OF 5TH BAY STREET,
143,6200 BLOCK OF SEWELLS POINT ROAD,
144,4200 BLOCK OF GRANBY STREET,
145,GRANBY STREET,LLEWELLYN AVENUE
146,DELAWARE AVENUE,MAYFLOWER ROAD
147,I-264E HIGHWAY,TIDEWATER DRIVE
148,E OCEAN VIEW AVENUE,SHORE DRIVE
149,38TH STREET,POWHATAN AVENUE
150,43RD STREET,POWHATAN AVENUE
151,7200 BLOCK OF HAMPTON BOULEVARD,
152,4TH VIEW STREET,W OCEAN VIEW AVENUE
153,TIDEWATER DRIVE,NORVIEW AVENUE
154,5TH VIEW STREET,W OCEAN VIEW AVENUE
155,15TH VIEW STREET,W OCEAN VIEW AVENUE
156,6TH VIEW STREET,W OCEAN VIEW AVENUE
157,1200 BLOCK OF LAFAYETTE BOULEVARD,
158,HAMPTON BOULEVARD,LEXAN AVENUE
159,13TH VIEW STREET,W OCEAN VIEW AVENUE
160,14TH VIEW STREET,W OCEAN VIEW AVENUE
161,12TH VIEW STREET,W OCEAN VIEW AVENUE
162,8TH VIEW STREET,W OCEAN VIEW AVENUE
163,10TH VIEW STREET,W OCEAN VIEW AVENUE
164,49TH STREET,HAMPTON BOULEVARD
165,BEDFORD AVENUE,HAMPTON BOULEVARD
166,HAMPTON BOULEVARD,MANCHESTER AVENUE
167,HAMPTON BOULEVARD,HANOVER AVENUE
168,HAMPTON BOULEVARD,SURREY CRESCENT
169,1700 BLOCK OF FONTAINEBLEAU CRESCENT,
170,HAMPTON BOULEVARD,BRUNSWICK AVENUE
171,HAMPTON BOULEVARD,WESTMORELAND AVENUE
172,HAMPTON BOULEVARD,ROCKBRIDGE AVENUE
173,HAMPTON BOULEVARD,MAGNOLIA AVENUE
174,HAMPTON BOULEVARD,BUCKINGHAM AVENUE
175,BOLLING AVENUE,HAMPTON BOULEVARD
176,5600 BLOCK OF TIDEWATER DRIVE,
177,200 BLOCK OF KEMPSVILLE ROAD,
178,CHURCH STREET,GOFF STREET
179,NORVIEW AVENUE,SEDGEFIELD DRIVE
180,800 BLOCK OF E BRAMBLETON AVENUE,
181,1000 BLOCK OF E VIRGINIA BEACH BOULEVARD,
182,1000 BLOCK OF E VIRGINIA BEACH BOULEVARD,
183,LENS AVENUE,SHOOP AVENUE
184,1ST BAY STREET,E OCEAN VIEW AVENUE
185,MONTICELLO AVENUE,E 21ST STREET
186,E VIRGINIA BEACH BOULEVARD,TIDEWATER DRIVE
187,600 E OCEAN VIEW AVENUE,
188,615 W LITTLE CREEK ROAD,
189,COLLEY AVENUE,RALEIGH AVENUE
190,8081 HAMPTON BOULEVARD,
191,9000 HAMPTON BOULEVARD,
192,400 BEECHWOOD AVENUE,
193,DEGRASSE AVENUE,LAFAYETTE BOULEVARD
194,5765 LESLIE AVENUE,
195,1018 BERKLEY AVENUE EX,
196,508 E INDIAN RIVER ROAD,
197,9600 BLOCK OF 10TH VIEW STREET,
198,9600 BLOCK OF SALEM STREET,
199,1400 BLOCK OF LITTLE BAY AVENUE,
200,JANAF PLACE,LOWERY ROAD
201,3436 WESTMINSTER AVENUE,
202,4852 ELMHURST AVENUE,
203,265 W TAZEWELL STREET,
204,1040 W OCEAN VIEW AVENUE,
205,9700 BLOCK OF 15TH VIEW STREET,
206,1500 BLOCK OF CHELA AVENUE,
207,1500 BLOCK OF LEA VIEW AVENUE,
208,9600 BLOCK OF RALLSTON STREET,
209,1017 LITTLE BAY AVENUE,
210,7720 NEWPORT AVENUE,
211,800 BLOCK OF LITTLE BAY AVENUE,
212,HERBERT STREET,ELMHURST AVENUE
213,800 BLOCK OF 51ST STREET,
214,16TH BAY STREET,PLEASANT AVENUE
215,GRACE STREET,MEMORIAL PLACE
216,19TH BAY STREET,PLEASANT AVENUE
217,W MAIN STREET,WATERSIDE DRIVE
218,HAMPTON BOULEVARD,LARCHMONT CRESCENT
219,HAMPTON BOULEVARD,LEXAN AVENUE
220,HAMPTON BOULEVARD,MAGNOLIA AVENUE
221,2200 BLOCK OF KIMBALL TERRACE,
222,600 BLOCK OF W BRAMBLETON AVENUE,
223,FAUQUIER STREET,WHITEHEAD AVENUE
224,MIDTOWN TUNNEL,W BRAMBLETON AVENUE
225,E BRAMBLETON AVENUE,TIDEWATER DRIVE
226,1000 BLOCK OF MONTICELLO AVENUE,
227,9600 BLOCK OF 4TH VIEW STREET,
228,4TH VIEW STREET,W OCEAN VIEW AVENUE
229,800 BLOCK OF E CITY HALL AVENUE,
230,500 BLOCK OF W OCEAN VIEW AVENUE,
231,BELLAMY AVENUE,FAUQUIER STREET
232,COLONIAL AVENUE,REDGATE AVENUE
233,GRANBY STREET,LLEWELLYN AVENUE
234,9000 BLOCK OF HAMPTON BOULEVARD,
235,E MAIN STREET,PARK AVENUE
236,CHAPEL STREET,E CHARLOTTE STREET
237,E VIRGINIA BEACH BOULEVARD,MONTICELLO AVENUE
238,6100 SEDGEFIELD DRIVE,
239,800 BLOCK OF NORVIEW AVENUE,
240,CAMPOSTELLA ROAD,KIMBALL TERRACE
241,BOLLING AVENUE,JAMESTOWN CRESCENT
242,MOWBRAY ARCH,W OLNEY ROAD
243,700 BLOCK OF STOCKLEY GARDENS,
244,E BRAMBLETON AVENUE,ROSWELL AVENUE
245,E BRAMBLETON AVENUE,I-264E HIGHWAY
246,100 BLOCK OF E CHARLOTTE STREET,
247,1100 BLOCK OF HOLT STREET,
248,ARMISTEAD AVENUE,E PRINCESS ANNE ROAD
249,300 BLOCK OF E CITY HALL AVENUE,
250,49TH STREET,HAMPTON BOULEVARD
251,E CHARLOTTE STREET,RUFFNER STREET
252,MAYFLOWER ROAD,W 41ST STREET
253,MAYFLOWER ROAD,W 42ND STREET
254,38TH STREET,CAROLINA AVENUE
255,1400 BLOCK OF KEMPSVILLE ROAD,
256,KEMPSVILLE ROAD,LOWERY ROAD
257,2200 BLOCK OF E OCEAN VIEW AVENUE,
258,900 BLOCK OF BAGNALL ROAD,
259,6700 BLOCK OF AZALEA GARDEN ROAD,
260,1900 BLOCK OF E OCEAN VIEW AVENUE,
261,1100 BLOCK OF MARSH STREET,
262,3RD BAY STREET,PRETTY LAKE AVENUE
263,6200 BLOCK OF ALEXANDER STREET,
264,7500 BLOCK OF TIDEWATER DRIVE,
265,TIDEWATER DRIVE,WILLOW WOOD DRIVE
266,1000 BLOCK OF 49TH STREET,
267,E 22ND STREET,MONTICELLO AVENUE
268,400 BLOCK OF W OCEAN VIEW AVENUE,
269,SAINT PAULS BOULEVARD,UNION STREET
270,1300 BLOCK OF UPPER BRANDON PLACE,
271,1300 BLOCK OF SURREY CRESCENT,
272,E LITTLE CREEK ROAD,TIDEWATER DRIVE
273,300 BLOCK OF E LITTLE CREEK ROAD,
274,SAINT PAULS BOULEVARD,WATERSIDE DRIVE
275,E PRINCESS ANNE ROAD,MONTICELLO AVENUE
276,9500 BLOCK OF SHORE DRIVE,
277,E VIRGINIA BEACH BOULEVARD,TIDEWATER DRIVE
278,2500 BLOCK OF E OCEAN VIEW AVENUE,
279,6TH BAY STREET,PRETTY LAKE AVENUE
280,DUKE STREET,W BRAMBLETON AVENUE
281,BOTETOURT STREET,W BRAMBLETON AVENUE
282,COLLEGE PLACE,YARMOUTH STREET
283,ALEXANDER STREET,STRAND STREET
284,COLLEY AVENUE,W BRAMBLETON AVENUE
285,E BRAMBLETON AVENUE,TIDEWATER DRIVE
286,E CITY HALL AVENUE,TIDEWATER DRIVE
287,HAMPTON BOULEVARD,NORTH SHORE ROAD
288,7200 BLOCK OF NEWPORT AVENUE,
289,300 BLOCK OF YARMOUTH STREET,
290,5600 BLOCK OF TIDEWATER DRIVE,
291,1145 BOLLING AVENUE,
292,DELAWARE AVENUE,GRANBY STREET
293,HARBOUR STREET,W TAZEWELL STREET
294,200 BLOCK OF BROOKE AVENUE,
295,9600 BLOCK OF 3RD BAY STREET,
296,14TH VIEW STREET,W OCEAN VIEW AVENUE
297,700 BLOCK OF LIGON STREET,
298,COLLEY AVENUE,REDGATE AVENUE
299,E BERKLEY AVENUE,FAUQUIER STREET
300,NORVIEW AVENUE,TIDEWATER DRIVE
301,500 BLOCK OF E INDIAN RIVER ROAD,
302,1600 BLOCK OF CHURCH STREET,
303,GILES CIRCLE,NORVIEW AVENUE
304,300 BLOCK OF W BRAMBLETON AVENUE,
305,8TH BAY STREET,E OCEAN VIEW AVENUE
306,1300 BLOCK OF E BRAMBLETON AVENUE,
307,E VIRGINIA BEACH BOULEVARD,GRANBY STREET
308,5200 BLOCK OF NORVELLA AVENUE,
309,SHIRLEY AVENUE,LLEWELLYN AVENUE
310,2800 BLOCK OF E PRINCESS ANNE ROAD,
311,300 BLOCK OF ROGERS AVENUE,
312,HAMPTON BOULEVARD,JAMESTOWN CRESCENT
313,E BAYVIEW BOULEVARD,WILLOW TERRACE
314,1156 LAND STREET,
315,COMSTOCK STREET,WESTMINSTER AVENUE
316,E VIRGINIA BEACH BOULEVARD,HANSON AVENUE
317,COLLEY AVENUE,RALEIGH AVENUE
318,GRANBY STREET,LLEWELLYN AVENUE
319,800 BLOCK OF 51ST STREET,
320,BOTETOURT STREET,MOWBRAY ARCH
321,MAYFLOWER ROAD,VIRGINIA AVENUE
322,600 BLOCK OF TIDEWATER DRIVE,
323,20TH BAY STREET,PLEASANT AVENUE
324,9600 BLOCK OF 1ST BAY STREET,
325,9600 BLOCK OF 2ND BAY STREET,
326,9600 BLOCK OF 3RD BAY STREET,
327,9600 BLOCK OF 4TH BAY STREET,
328,9600 BLOCK OF 5TH BAY STREET,
329,9500 BLOCK OF 7TH BAY STREET,
330,9600 BLOCK OF 7TH BAY STREET,
331,MAGNOLIA AVENUE,HAMPTON BOULEVARD
332,E VIRGINIA BEACH BOULEVARD,GRANBY STREET
333,4TH VIEW STREET,W OCEAN VIEW AVENUE
334,BEAUMONT STREET,MODOC AVENUE
335,SHORE DRIVE,PLEASANT AVENUE
336,9600 BLOCK OF 8TH BAY STREET,
337,9600 BLOCK OF 9TH BAY STREET,
338,9600 BLOCK OF 10TH BAY STREET,
339,9600 BLOCK OF 11TH BAY STREET,
340,9600 BLOCK OF 13TH BAY STREET,
341,9600 BLOCK OF 14TH BAY STREET,
342,9600 BLOCK OF 15TH BAY STREET,
343,9600 BLOCK OF 17TH BAY STREET,
344,9600 BLOCK OF 18TH BAY STREET,
345,9600 BLOCK OF 19TH BAY STREET,
346,9600 BLOCK OF 20TH BAY STREET,
347,E LITTLE CREEK ROAD,GALVESTON BOULEVARD
348,BOUSH STREET,W OLNEY ROAD
349,MAY AVENUE,TIDEWATER DRIVE
350,100 BLOCK OF PARK AVENUE,
351,CONNECTICUT AVENUE,LLEWELLYN AVENUE
352,1520 E OCEAN VIEW AVENUE,
353,18TH BAY STREET,PLEASANT AVENUE
354,2100 COLLEY AVENUE,
355,3500 COLONIAL AVENUE,
356,9600 BLOCK OF BEACH VIEW STREET,
357,300 E LITTLE CREEK ROAD,
358,1000 BLOCK OF PARK AVENUE,
359,3800 BLOCK OF HAMPTON BOULEVARD,
360,3500 BLOCK OF COLONIAL AVENUE,
361,MADISON AVENUE,CORPREW AVENUE
362,1500 BLOCK OF E OCEAN VIEW AVENUE,
363,E BRAMBLETON AVENUE,SAINT PAULS BOULEVARD
364,GUY AVENUE,TIDEWATER DRIVE
365,MONTICELLO AVENUE,E VIRGINIA BEACH BOULEVARD
366,1100 BLOCK OF COLLEY AVENUE,
367,1200 BLOCK OF COLONIAL AVENUE,
368,GOFF STREET,MALTBY AVENUE
369,900 BLOCK OF NORFOLK SQUARE,
370,HOLT STREET,REILLY STREET
371,9600 BLOCK OF 4TH VIEW STREET,
372,5TH BAY STREET,E OCEAN VIEW AVENUE
373,GRANBY STREET,LLEWELLYN AVENUE
374,CAPEVIEW AVENUE,E BAYVIEW BOULEVARD
375,225 W OLNEY ROAD,
376,W OLNEY ROAD,BOUSH STREET
377,COLLEY AVENUE,W 21ST STREET
378,E VIRGINIA BEACH BOULEVARD,TIDEWATER DRIVE
379,8100 BLOCK OF HAMPTON BOULEVARD,
380,1100 BLOCK OF PARK AVENUE,
381,HANSON AVENUE,GOFF STREET
382,MUNSON STREET,W 26TH STREET
383,E VIRGINIA BEACH BOULEVARD,CHURCH STREET
384,E VIRGINIA BEACH BOULEVARD,SAINT PAUL STREET
385,HAMPTON BOULEVARD,W PRINCESS ANNE ROAD
386,35TH STREET,COLONIAL AVENUE
387,LLEWELLYN AVENUE,SHIRLEY AVENUE
388,300 BLOCK OF SHIRLEY AVENUE,
389,719 DUNE STREET,
390,18TH STREET,GRANBY STREET
391,E PRINCESS ANNE ROAD,GRANBY STREET
392,1300 BLOCK OF BOTETOURT GARDENS,
393,LLEWELLYN AVENUE,SHIRLEY AVENUE
394,600 BLOCK OF BOTETOURT GARDENS,
395,4TH VIEW STREET,W OCEAN VIEW AVENUE
396,6700 BLOCK OF AZALEA GARDEN ROAD,
397,8100 SHORE DRIVE,
398,7900 BLOCK OF HAMPTON BOULEVARD,
399,8000 BLOCK OF HAMPTON BOULEVARD,
400,8100 BLOCK OF HAMPTON BOULEVARD,
401,8100 BLOCK OF SHORE DRIVE,
402,19TH BAY STREET,PLEASANT AVENUE
403,E VIRGINIA BEACH BOULEVARD,TIDEWATER DRIVE
404,900 BLOCK OF E OCEAN VIEW AVENUE,
405,E FREEMASON STREET,GRANBY STREET
406,100 BLOCK OF E FREEMASON STREET,
407,AZALEA GARDEN ROAD,E VIRGINIA BEACH BOULEVARD
408,100 BLOCK OF PARK AVENUE,
409,W FREEMASON STREET,GRANBY STREET
410,INGLESIDE ROAD,E PRINCESS ANNE ROAD
411,CHESAPEAKE BOULEVARD,CROMWELL ROAD
412,MONTICELLO AVENUE,E CITY HALL AVENUE
413,BAGNALL ROAD,TIDEWATER DRIVE
414,E VIRGINIA BEACH BOULEVARD,TIDEWATER DRIVE
415,E BRAMBLETON AVENUE,PARK AVENUE
416,2300 BLOCK OF CROMWELL ROAD,
417,LEAD STREET,E PRINCESS ANNE ROAD
418,E PRINCESS ANNE ROAD,TIDEWATER DRIVE
419,CHESAPEAKE BOULEVARD,LAFAYETTE BOULEVARD
420,E VIRGINIA BEACH BOULEVARD,PARK AVENUE
421,CROMWELL ROAD,TAIT TERRACE
422,INGLESIDE ROAD,DENVER AVENUE
423,1200 BLOCK OF COLONIAL AVENUE,
424,225 W OLNEY ROAD,
425,3755 E VIRGINIA BEACH BOULEVARD,
426,W VIRGINIA BEACH BOULEVARD,W OLNEY ROAD
427,E BRAMBLETON AVENUE,TIDEWATER DRIVE
428,BLOW STREET,GRAYDON AVENUE
429,105 MIDTOWN TUNNEL,
430,198 BANK STREET,
431,3500 BLOCK OF SEWELLS POINT ROAD,
432,900 BLOCK OF MERRIMAC AVENUE,
433,COLLEY AVENUE,W 27TH STREET
434,700 BLOCK OF SPOTSWOOD AVENUE,
435,COLLEY AVENUE,W 22ND STREET
436,2400 BLOCK OF HEMLOCK STREET,
437,1060 CHARLNEY AVENUE,
438,MONTICELLO AVENUE,E VIRGINIA BEACH BOULEVARD
439,E VIRGINIA BEACH BOULEVARD,SAINT PAUL STREET
440,700 BLOCK OF MONTICELLO AVENUE,
441,MONTICELLO AVENUE,E PRINCESS ANNE ROAD
442,LLEWELLYN AVENUE,SHIRLEY AVENUE
443,DEBREE AVENUE,W PRINCESS ANNE ROAD
444,HAMPTON BOULEVARD,W 21ST STREET
445,HAMPTON BOULEVARD,W 21ST STREET
446,COLONIAL AVENUE,W 21ST STREET
447,BLUESTONE AVENUE,49TH STREET
448,8000 BLOCK OF HAMPTON BOULEVARD,
449,E VIRGINIA BEACH BOULEVARD,TIDEWATER DRIVE
450,TIDEWATER DRIVE,CENTRAL BUSINESS PARK DRIVE
451,800 BLOCK OF E OCEAN VIEW AVENUE,
452,7900 BLOCK OF HAMPTON BOULEVARD,
453,9600 BLOCK OF TIDEWATER DRIVE,
454,HAMPTON BOULEVARD,TERMINAL BOULEVARD
455,E BRAMBLETON AVENUE,ROSWELL AVENUE
456,W LITTLE CREEK ROAD,RUTHVEN ROAD
457,DUKE STREET,W OLNEY ROAD
458,W OLNEY ROAD,BOUSH STREET
459,COLONIAL AVENUE,W PRINCESS ANNE ROAD
460,TIDEWATER DRIVE,BAPAUME AVENUE
461,JOHNSTONS ROAD,NORTH GATE DRIVE
462,GRANBY STREET,TIDEWATER DRIVE
463,2600 BLOCK OF GOSNOLD AVENUE,
464,2600 BLOCK OF COLLEY AVENUE,
465,HAMPTON BOULEVARD,JAMESTOWN CRESCENT
466,4900 BLOCK OF POWHATAN AVENUE,
467,4900 BLOCK OF HAMPTON BOULEVARD,
468,MONTICELLO AVENUE,E FREEMASON STREET
469,LLEWELLYN AVENUE,SHIRLEY AVENUE
470,E VIRGINIA BEACH BOULEVARD,TIDEWATER DRIVE
471,E VIRGINIA BEACH BOULEVARD,PARK AVENUE
472,BELLMORE AVENUE,E VIRGINIA BEACH BOULEVARD
473,GOSNOLD AVENUE,W 26TH STREET
474,700 BLOCK OF BALLENTINE BOULEVARD,
475,COLLEY AVENUE,W 21ST STREET
476,LIGON STREET,W BERKLEY AVENUE
477,MONTICELLO AVENUE,E VIRGINIA BEACH BOULEVARD
478,700 BLOCK OF MONTICELLO AVENUE,
479,E BRAMBLETON AVENUE,TIDEWATER DRIVE
480,COLONIAL AVENUE,GRAYDON AVENUE
481,COLONIAL AVENUE,W PRINCESS ANNE ROAD
482,E BRAMBLETON AVENUE,ROSWELL AVENUE
483,CHURCH STREET,GOFF STREET
484,DEBREE AVENUE,W PRINCESS ANNE ROAD
485,1600 BLOCK OF E BRAMBLETON AVENUE,
486,6600 BLOCK OF STONEY POINT SOUTH,
487,STONEY POINT SOUTH,N NEWTOWN ROAD
488,300 BLOCK OF CAMPOSTELLA ROAD,
489,E BRAMBLETON AVENUE,PARK AVENUE
490,MAJESTIC AVENUE,E VIRGINIA BEACH BOULEVARD
491,E CHARLOTTE STREET,FENCHURCH STREET
492,AZALEA GARDEN ROAD,E PRINCESS ANNE ROAD
493,W OLNEY ROAD,BOUSH STREET
494,1300 BLOCK OF LLEWELLYN AVENUE,
495,900 BLOCK OF E BRAMBLETON AVENUE,
496,8651 STURGIS STREET,
497,BRACEY STREET,SUTTON STREET
498,3661 E VIRGINIA BEACH BOULEVARD,
499,GRANBY STREET,WEST BELVEDERE ROAD
500,6000 BLOCK OF SOUTH RIVER ROAD,
501,NEWPORT CRESCENT,SOUTH RIVER ROAD
502,131 WEST BELVEDERE ROAD,
503,7900 BLOCK OF HAMPTON BOULEVARD,
504,8000 BLOCK OF HAMPTON BOULEVARD,
505,8100 BLOCK OF HAMPTON BOULEVARD,
506,4601 MAYFLOWER ROAD,
507,1000 BLOCK OF W BRAMBLETON AVENUE,
508,HAMPTON BOULEVARD,LARCHMONT CRESCENT
509,900 BLOCK OF E OCEAN VIEW AVENUE,
510,E LITTLE CREEK ROAD,FORT WORTH AVENUE
511,5TH BAY STREET,E OCEAN VIEW AVENUE
512,5200 BLOCK OF HAMPTON BOULEVARD,
513,1000 BLOCK OF CRAIG STREET,
514,7800 BLOCK OF HAMPTON BOULEVARD,
515,300 BLOCK OF E LITTLE CREEK ROAD,
516,200 BLOCK OF HARVARD STREET,
517,900 BLOCK OF E OCEAN VIEW AVENUE,
518,1500 BLOCK OF E OCEAN VIEW AVENUE,
519,1600 BLOCK OF E OCEAN VIEW AVENUE,
520,200 BLOCK OF E LITTLE CREEK ROAD,
521,1200 BLOCK OF JOHNSTONS ROAD,
522,1300 BLOCK OF JOHNSTONS ROAD,
523,19TH BAY STREET,PLEASANT AVENUE
524,2700 BLOCK OF HAMPTON BOULEVARD,
525,CROMWELL ROAD,TAIT TERRACE
526,4100 BLOCK OF E VIRGINIA BEACH BOULEVARD,
527,5600 BLOCK OF RABY ROAD,
528,2500 BLOCK OF BALLENTINE BOULEVARD,
529,E VIRGINIA BEACH BOULEVARD,N NEWTOWN ROAD
530,RABY ROAD,E VIRGINIA BEACH BOULEVARD
531,300 BLOCK OF SHIRLEY AVENUE,
532,LLEWELLYN AVENUE,SHIRLEY AVENUE
533,ROBIN HOOD ROAD,SHERWOOD FOREST LANE
534,LINDENWOOD AVENUE,TIDEWATER DRIVE
535,AZALEA GARDEN ROAD,E VIRGINIA BEACH BOULEVARD
536,3800 BLOCK OF E PRINCESS ANNE ROAD,
537,LINDENWOOD AVENUE,TIDEWATER DRIVE
538,SAINT JULIAN AVENUE,TIDEWATER DRIVE
539,AZALEA GARDEN ROAD,E PRINCESS ANNE ROAD
540,1100 BLOCK OF GEORGETOWN ROAD,
541,900 BLOCK OF BAGNALL ROAD,
542,401 MONTICELLO AVENUE,
543,38TH STREET,GRANBY STREET
544,9519 17TH BAY STREET,
545,6000 BLOCK OF HAMPTON BOULEVARD,
546,W OLNEY ROAD,BOUSH STREET
547,COLONIAL AVENUE,MASSACHUSETTS AVENUE
548,DELAWARE AVENUE,MAYFLOWER ROAD
549,COLONIAL AVENUE,NEW HAMPSHIRE AVENUE
550,COLONIAL AVENUE,MAYFLOWER ROAD
551,MAYFLOWER ROAD,NEWPORT AVENUE
552,W VIRGINIA BEACH BOULEVARD,LLEWELLYN AVENUE
553,DUKE STREET,W BRAMBLETON AVENUE
554,MASSACHUSETTS AVENUE,MAYFLOWER ROAD
555,E BRAMBLETON AVENUE,ROSWELL AVENUE
556,E CHARLOTTE STREET,WALKE STREET
557,E CITY HALL AVENUE,TIDEWATER DRIVE
558,E CHARLOTTE STREET,TIDEWATER DRIVE
559,4000 BLOCK OF LLEWELLYN AVENUE,
560,4TH VIEW STREET,W OCEAN VIEW AVENUE
561,8100 BLOCK OF HAMPTON BOULEVARD,
562,W OLNEY ROAD,BOUSH STREET
563,BOUSH STREET,W BRAMBLETON AVENUE
564,1200 BLOCK OF SURREY CRESCENT,
565,1300 BLOCK OF SURREY CRESCENT,
566,1600 BLOCK OF TARRALL AVENUE,
567,GRANBY STREET,LLEWELLYN AVENUE
568,6200 BLOCK OF ROLFE AVENUE,
569,1000 BLOCK OF CAMBRIDGE CRESCENT,
570,6100 BLOCK OF CARROLL PLACE,
571,500 BLOCK OF MAYFLOWER ROAD,
572,600 BLOCK OF MAYFLOWER ROAD,
573,1500 BLOCK OF CATALPA STREET,
574,100 BLOCK OF FILBERT STREET,
575,200 BLOCK OF FILBERT STREET,
576,COLONIAL AVENUE,MASSACHUSETTS AVENUE
577,800 BLOCK OF 51ST STREET,
578,TIDEWATER DRIVE,RUFFNER STREET
579,6500 BLOCK OF HAMPTON BOULEVARD,
580,6000 BLOCK OF HAMPTON BOULEVARD,
581,3530 BAPAUME AVENUE,
582,4100 BLOCK OF LLEWELLYN AVENUE,
583,DUKE STREET,W OLNEY ROAD
584,E CHARLOTTE STREET,TIDEWATER DRIVE
585,E CHARLOTTE STREET,WALKE STREET
586,E PRINCESS ANNE ROAD,TIDEWATER DRIVE
587,6455 KNOX ROAD,
588,E VIRGINIA BEACH BOULEVARD,TIDEWATER DRIVE
589,500 BLOCK OF W LITTLE CREEK ROAD,
590,1029 PHILPOTTS ROAD,
591,7948 ARDMORE ROAD,
592,300 BLOCK OF E LITTLE CREEK ROAD,
593,E VIRGINIA BEACH BOULEVARD,PARK AVENUE
594,E CITY HALL AVENUE,TIDEWATER DRIVE
595,9600 BLOCK OF 3RD BAY STREET,
596,19TH BAY STREET,PLEASANT AVENUE
597,9600 BLOCK OF 16TH BAY STREET,
598,9500 BLOCK OF 13TH BAY STREET,
599,3200 BLOCK OF PRETTY LAKE AVENUE,
600,DELAWARE AVENUE,MAYFLOWER ROAD
601,9600 BLOCK OF 4TH VIEW STREET,
602,11TH STREET,MONTICELLO AVENUE
603,WATER STREET,PARK AVENUE
604,35TH STREET,COLONIAL AVENUE
605,36TH STREET,COLONIAL AVENUE
606,E OCEAN VIEW AVENUE,SHORE DRIVE
607,MAGNOLIA AVENUE,HAMPTON BOULEVARD
608,400 BLOCK OF TIDEWATER DRIVE,
609,1100 BLOCK OF MONTICELLO AVENUE,
610,901 MAGNOLIA AVENUE,
611,800 BLOCK OF MONTICELLO AVENUE,
612,100 BLOCK OF PARK AVENUE,
613,4100 BLOCK OF MAYFLOWER ROAD,
614,MOWBRAY ARCH,W OLNEY ROAD
615,115 W LITTLE CREEK ROAD,
616,LAFAYETTE BOULEVARD,ORLEANS CIRCLE
617,VILLA CIRCLE,E 26TH STREET
618,200 BLOCK OF LAVALETTE AVENUE,
619,19TH BAY STREET,PRETTY LAKE AVENUE
620,18TH BAY STREET,PRETTY LAKE AVENUE
621,10TH BAY STREET,PRETTY LAKE AVENUE
622,11TH BAY STREET,PRETTY LAKE AVENUE
623,BERKLEY AVENUE EX,MARSH STREET
624,MAJESTIC AVENUE,MYRTLE AVENUE
625,MAGNOLIA AVENUE,JAMESTOWN CRESCENT
626,5900 BLOCK OF HAMPTON BOULEVARD,
627,E VIRGINIA BEACH BOULEVARD,CHAPEL STREET
628,4TH VIEW STREET,I-64W HIGHWAY
629,2600 BLOCK OF VILLA CIRCLE,
630,52ND STREET,COLLEY AVENUE
631,BOLLING AVENUE,JAMESTOWN CRESCENT
632,4TH BAY STREET,E OCEAN VIEW AVENUE
633,6TH BAY STREET,E OCEAN VIEW AVENUE
634,CAROLINA AVENUE,MAYFLOWER ROAD
635,MASON CREEK ROAD,W OCEAN VIEW AVENUE
636,8017 GLADE ROAD,
637,555 E LIBERTY STREET,
638,DELAWARE AVENUE,LLEWELLYN AVENUE
639,2125 KIMBALL TERRACE,
640,700 BLOCK OF W BRAMBLETON AVENUE,
641,MONTICELLO AVENUE,E VIRGINIA BEACH BOULEVARD
642,BLOW STREET,REDGATE AVENUE
643,200 BLOCK OF E LITTLE CREEK ROAD,
644,4000 BLOCK OF PLEASANT AVENUE,
645,9500 BLOCK OF 20TH BAY STREET,
646,HANOVER AVENUE,HAMPTON BOULEVARD
647,2300 BLOCK OF KIMBALL TERRACE,
648,INGLESIDE ROAD,E PRINCESS ANNE ROAD
649,E BRAMBLETON AVENUE,ROSWELL AVENUE
650,1630 MADISON AVENUE,
651,51ST STREET,KILLAM AVENUE
652,BLUESTONE AVENUE,49TH STREET
653,ROLFE AVENUE,WALNUT HILL STREET
654,RICHMOND PLACE,MANCHESTER AVENUE
655,HAMPTON BOULEVARD,JAMESTOWN CRESCENT
656,SURREY CRESCENT,UPPER BRANDON PLACE
657,38TH STREET,LLEWELLYN AVENUE
658,SOUTH MOWBRAY ARCH,YARMOUTH STREET
659,MAGNOLIA AVENUE,ROLFE AVENUE
660,GRACE STREET,YARMOUTH STREET
661,HAMPTON BOULEVARD,SURREY CRESCENT
662,BOLLING AVENUE,HAMPTON BOULEVARD
663,ARGYLE AVENUE,NORTH SHORE ROAD
664,1287 W OCEAN VIEW AVENUE,
665,DUNMORE STREET,YORK STREET
666,9634 SALEM STREET,
667,1234 RICHMOND CRESCENT,
668,150 PARK AVENUE,
669,HAMPTON BOULEVARD,LARCHMONT CRESCENT
670,3RD BAY STREET,E OCEAN VIEW AVENUE
671,E LITTLE CREEK ROAD,HALPRIN DRIVE
672,300 E LITTLE CREEK ROAD,
673,1000 MONTICELLO AVENUE,
674,900 BAGNALL ROAD,
675,301 TIDEWATER DRIVE,
676,CAMPOSTELLA ROAD,I-264E HIGHWAY
677,13TH VIEW STREET,W OCEAN VIEW AVENUE
678,400 BLOCK OF E LITTLE CREEK ROAD,
679,7246 GRANBY STREET,
680,920 N MILITARY HIGHWAY,
681,9520 20TH BAY STREET,
682,I-264E HIGHWAY,TIDEWATER DRIVE
683,I-264W HIGHWAY,E CITY HALL AVENUE
684,1503 LEA VIEW AVENUE,
685,100 BLOCK OF W VIRGINIA BEACH BOULEVARD,
686,49TH STREET,HAMPTON BOULEVARD
687,4TH VIEW STREET,STATEN STREET
688,600 BLOCK OF W OCEAN VIEW AVENUE,
689,900 BLOCK OF BAGNALL ROAD,
690,401 MONTICELLO AVENUE,
691,MOWBRAY ARCH,PEMBROKE AVENUE
692,700 BLOCK OF BOTETOURT STREET,
693,DRUMMOND PLACE,MOWBRAY ARCH
694,FAIRFAX AVENUE,MOWBRAY ARCH
695,200 BLOCK OF GRACE STREET,
696,700 BLOCK OF MEMORIAL PLACE,
697,300 BLOCK OF MOWBRAY ARCH,
698,800 BLOCK OF DUKE STREET,
699,MEMORIAL PLACE,MOWBRAY ARCH
700,9600 BLOCK OF 20TH BAY STREET,
701,MILL STREET,MOWBRAY ARCH
702,9640 SALEM STREET,
703,500 BLOCK OF MOWBRAY ARCH,
704,200 BLOCK OF W OLNEY ROAD,
705,SAINT PAULS BOULEVARD,UNION STREET
706,NORVIEW AVENUE,TIDEWATER DRIVE
707,6400 BLOCK OF HAMPTON BOULEVARD,
708,MONROE PLACE,JAMESTOWN CRESCENT
709,STOCKLEY GARDENS,REDGATE AVENUE
710,STOCKLEY GARDENS,W OLNEY ROAD
711,NORVIEW AVENUE,SEDGEFIELD DRIVE
712,1200 BLOCK OF SUSSEX PLACE,
713,1400 BLOCK OF KEMPSVILLE ROAD,
714,1100 BLOCK OF CHARLESTON STREET,
715,9600 BLOCK OF 11TH VIEW STREET,
716,15TH VIEW STREET,W OCEAN VIEW AVENUE
717,E MAIN STREET,PARK AVENUE
718,GRANBY STREET,SHIRLEY AVENUE
719,GLENDALE AVENUE,HAMPTON BOULEVARD
720,4TH VIEW STREET,W OCEAN VIEW AVENUE
721,4TH VIEW STREET,W OCEAN VIEW AVENUE
722,E VIRGINIA BEACH BOULEVARD,TIDEWATER DRIVE
723,BLUESTONE AVENUE,49TH STREET
724,5200 BLOCK OF HAMPTON BOULEVARD,
725,48TH STREET,POWHATAN AVENUE
726,3100 BLOCK OF MARNE AVENUE,
727,300 BLOCK OF E LITTLE CREEK ROAD,
728,8000 HAMPTON BOULEVARD,
729,1200 BLOCK OF MERRIMAC AVENUE,
730,300 BLOCK OF E LITTLE CREEK ROAD,
731,E VIRGINIA BEACH BOULEVARD,TIDEWATER DRIVE
732,1000 BLOCK OF MONTICELLO AVENUE,
733,1700 BLOCK OF GRANBY STREET,
734,COLONIAL AVENUE,W 21ST STREET
735,E VIRGINIA BEACH BOULEVARD,PARK AVENUE
736,INGLESIDE ROAD,E PRINCESS ANNE ROAD
737,E VIRGINIA BEACH BOULEVARD,CHAPEL STREET
738,E LITTLE CREEK ROAD,TIDEWATER DRIVE
739,DELAWARE AVENUE,LLEWELLYN AVENUE
740,E LITTLE CREEK ROAD,GALVESTON BOULEVARD
741,6400 BLOCK OF AZALEA GARDEN ROAD,
742,4TH VIEW STREET,W OCEAN VIEW AVENUE
743,400 BLOCK OF FORT WORTH AVENUE,
744,W OLNEY ROAD,BOUSH STREET
745,300 BLOCK OF MOWBRAY ARCH,
746,5800 BLOCK OF HAMPTON BOULEVARD,
747,4600 BLOCK OF MAYFLOWER ROAD,
748,4700 BLOCK OF MAYFLOWER ROAD,
749,4200 BLOCK OF LLEWELLYN AVENUE,
750,4100 BLOCK OF LLEWELLYN AVENUE,
751,4000 BLOCK OF LLEWELLYN AVENUE,
752,7000 BLOCK OF HAMPTON BOULEVARD,
753,CHAPEL STREET,E BRAMBLETON AVENUE
754,E VIRGINIA BEACH BOULEVARD,TIDEWATER DRIVE
755,1000 BERKLEY AVENUE EX,
756,ALEXANDER STREET,STRAND STREET
757,DELAWARE AVENUE,LLEWELLYN AVENUE
758,DUKE STREET,W OLNEY ROAD
759,300 BLOCK OF WATERSIDE DRIVE,
760,19TH BAY STREET,PLEASANT AVENUE
761,20TH BAY STREET,PLEASANT AVENUE
762,W OLNEY ROAD,BOUSH STREET
763,900 BLOCK OF E CHARLOTTE STREET,
764,LLEWELLYN AVENUE,W VIRGINIA BEACH BOULEVARD
765,ORLEANS STREET,LAFAYETTE AVENUE
766,GRANBY STREET,LLEWELLYN AVENUE
767,W OLNEY ROAD,DUKE STREET
768,GRANBY STREET,KINGSLEY LANE
769,TIDEWATER DRIVE,E VIRGINIA BEACH BOULEVARD
770,HAMPTON BOULEVARD,JAMESTOWN CRESCENT
771,E 19TH STREET,MONTICELLO AVENUE
772,W PRINCESS ANNE ROAD,COLONIAL AVENUE
773,600 BLOCK OF W LITTLE CREEK ROAD,
774,2000 BLOCK OF E OCEAN VIEW AVENUE,
775,1400 BLOCK OF MONTICELLO AVENUE,
776,W PRINCESS ANNE ROAD,HAMPTON BOULEVARD
777,LLEWELLYN AVENUE,SHIRLEY AVENUE
778,300 BLOCK OF SHIRLEY AVENUE,
779,COLLEY AVENUE,W 21ST STREET
780,E 27TH STREET,CHURCH STREET
781,COLONIAL AVENUE,W 26TH STREET
782,COLLEY AVENUE,W 26TH STREET
783,W OLNEY ROAD,BOUSH STREET
784,TIDEWATER DRIVE,E VIRGINIA BEACH BOULEVARD
785,200 BLOCK OF SHIRLEY AVENUE,
786,2205 MCKANN AVENUE,
787,QUEENS WAY,SHIRLEY AVENUE
788,HAMPTON BOULEVARD,JAMESTOWN CRESCENT
789,E VIRGINIA BEACH BOULEVARD,PARK AVENUE
790,E PRINCESS ANNE ROAD,ARMISTEAD AVENUE
791,COLLEY AVENUE,W 21ST STREET
792,E BAYVIEW BOULEVARD,STURGIS ROAD
793,1600 BLOCK OF NORVIEW AVENUE,
794,CHESAPEAKE BOULEVARD,JOHNSTONS ROAD
795,TIDEWATER DRIVE,E VIRGINIA BEACH BOULEVARD
796,7400 BLOCK OF TIDEWATER DRIVE,
797,4TH VIEW STREET,W OCEAN VIEW AVENUE
798,DOMINION AVENUE,MONA AVENUE
799,HAMPTON BOULEVARD,TERMINAL BOULEVARD
800,AZALEA GARDEN ROAD,E PRINCESS ANNE ROAD
801,BOLLING AVENUE,HAMPTON BOULEVARD
802,BOTETOURT GARDENS,W PRINCESS ANNE ROAD
803,E BRAMBLETON AVENUE,SAINT PAULS BOULEVARD
804,8000 WESTCLIFF DRIVE,
805,426 GRANBY STREET,
806,426 GRANBY STREET,
807,4002 GRANBY STREET,
808,800 BLOCK OF ALMA DRIVE,
809,4TH VIEW STREET,W OCEAN VIEW AVENUE
810,CORPREW AVENUE,PARK AVENUE
811,E VIRGINIA BEACH BOULEVARD,PARK AVENUE
812,1700 BLOCK OF MONTICELLO AVENUE,
813,1800 BLOCK OF E BRAMBLETON AVENUE,
814,E PRINCESS ANNE ROAD,INGLESIDE ROAD
815,900 BAGNALL ROAD,
816,7000 BLOCK OF HAMPTON BOULEVARD,
817,6000 BLOCK OF HAMPTON BOULEVARD,
818,E VIRGINIA BEACH BOULEVARD,MONTICELLO AVENUE
819,TIDEWATER DRIVE,I-264E HIGHWAY
820,TIDEWATER DRIVE,I-264W HIGHWAY
821,100 BLOCK OF MEMORIAL PLACE,
822,700 BLOCK OF MOWBRAY ARCH,
823,700 BLOCK OF BOTETOURT STREET,
824,DRUMMOND PLACE,MOWBRAY ARCH
825,MILL STREET,MOWBRAY ARCH
826,500 BLOCK OF MOWBRAY ARCH,
827,FAIRFAX AVENUE,MOWBRAY ARCH
828,600 BLOCK OF MOWBRAY ARCH,
829,PEMBROKE AVENUE,MOWBRAY ARCH
830,601 PEMBROKE AVENUE,
831,W OLNEY ROAD,MOWBRAY ARCH
832,100 BLOCK OF W OLNEY ROAD,
833,200 BLOCK OF W OLNEY ROAD,
834,300 BLOCK OF W OLNEY ROAD,
835,MAGAZINE LANE,W OLNEY ROAD
836,W OLNEY ROAD,BOUSH STREET
837,W OLNEY ROAD,VOSS STREET
838,W OLNEY ROAD,W WILSON AVENUE
839,W OLNEY ROAD,W VIRGINIA BEACH BOULEVARD
840,BOUSH STREET,W VIRGINIA BEACH BOULEVARD
841,LLEWELLYN AVENUE,W VIRGINIA BEACH BOULEVARD
842,GRACE STREET,MEMORIAL PLACE
843,CORPREW AVENUE,MADISON AVENUE
844,700 BLOCK OF YARMOUTH STREET,
845,900 BLOCK OF BAGNALL ROAD,
846,200 BLOCK OF GRACE STREET,
847,E CHARLOTTE STREET,WALKE STREET
848,4100 BLOCK OF LLEWELLYN AVENUE,
849,900 BLOCK OF E BRAMBLETON AVENUE,
850,POPLAR HALL DRIVE,RING ROAD
851,AZALEA GARDEN ROAD,NORVIEW AVENUE
852,AZALEA GARDEN ROAD,E LITTLE CREEK ROAD
853,CROMWELL DRIVE,TIDEWATER DRIVE
854,CROMWELL DRIVE,WILLOW WOOD DRIVE
855,TIDEWATER DRIVE,E VIRGINIA BEACH BOULEVARD
856,E VIRGINIA BEACH BOULEVARD,PARK AVENUE
857,BLUESTONE AVENUE,49TH STREET
858,E PRINCESS ANNE ROAD,MONTICELLO AVENUE
859,CHESAPEAKE BOULEVARD,AVENUE J
860,4TH VIEW STREET,W OCEAN VIEW AVENUE
861,TIDEWATER DRIVE,E VIRGINIA BEACH BOULEVARD
862,E VIRGINIA BEACH BOULEVARD,DUBOSE DRIVE
863,E 21ST STREET,MONTICELLO AVENUE
864,38TH STREET,LLEWELLYN AVENUE
865,E VIRGINIA BEACH BOULEVARD,PARK AVENUE
866,HAMPTON BOULEVARD,PORTER STREET
867,11TH STREET,MONTICELLO AVENUE
868,NORVELLA AVENUE,SEWELLS POINT ROAD
869,6600 BLOCK OF AZALEA GARDEN ROAD,
870,1100 BLOCK OF E VIRGINIA BEACH BOULEVARD,
871,GARDNER DRIVE,SPRINGMEADOW BOULEVARD
872,1300 BLOCK OF KEMPSVILLE ROAD,
873,8700 BLOCK OF HAMPTON BOULEVARD,
874,BESSIE STREET,JANET DRIVE
875,1402 LOIS LANE,
876,GRANBY STREET,W LITTLE CREEK ROAD
877,152 DUPRE AVENUE,
878,313 E LITTLE CREEK ROAD,
879,6437 AZALEA GARDEN ROAD,
880,1000 MONTICELLO AVENUE,
881,1700 BLOCK OF BANNING ROAD,
882,17TH STREET,MONTICELLO AVENUE
883,KEMPSVILLE ROAD,LOWERY ROAD
884,NORTHAMPTON BOULEVARD,USAA DRIVE
885,6937 GARDNER DRIVE,
886,145 N ABILENE AVENUE,
887,E BALVIEW AVENUE,VINING STREET
888,HANSON AVENUE,GOFF STREET
889,E PRINCESS ANNE ROAD,MONTICELLO AVENUE
890,3486 JOHNS STREET,
891,1053 DUBOSE DRIVE,
892,CALVIN AVENUE,HALPRIN DRIVE
893,FISHERMANS ROAD,QUINCY STREET
894,820 E 29TH STREET,
895,FORT WORTH AVENUE,E LITTLE CREEK ROAD
896,2312 FAIRBANKS AVENUE,
897,CAROLINA AVENUE,MAYFLOWER ROAD
898,E 28TH STREET,GAZEL STREET
899,3412 HERBERT STREET,
900,1510 CRANE AVENUE,
901,6961 RIDDICK STREET,
902,3418 HUMBOLDT STREET,
903,JOHNSTONS ROAD,RED BROOK ROAD
904,CHELSEA AVENUE,MAPLE AVENUE
905,5371 WYNGATE DRIVE,
906,107 AMARILLO AVENUE,
907,3800 PETERSON STREET,
908,8921 HAMMETT AVENUE,
909,1742 BANNING ROAD,
910,6700 AZALEA GARDEN ROAD,
911,9400 BLOCK OF WELLS PARKWAY,
912,2312 PALMYRA STREET,
913,200 BELLAMY AVENUE,
914,200 BATTERSEA ROAD,
915,1517 SHIPP AVENUE,
916,3243 DUNKIRK AVENUE,
917,1320 SUSSEX PLACE,
918,3148 AZALEA GARDEN ROAD,
919,4740 LITTLE JOHN DRIVE,
920,8530 DEVON STREET,
921,7712 HAMPTON BOULEVARD,
922,1347 CORNWALL PLACE,
923,1540 MILTATE AVENUE,
924,7371 KIRBY CRESCENT,
925,537 FISHERMANS ROAD,
926,7929 MERRITT STREET,
927,300 TWILLEY STREET,
928,38TH STREET,PARKER AVENUE
929,7300 BLOCK OF SHIRLAND AVENUE,
930,E BRAMBLETON AVENUE,ROSWELL AVENUE
931,CHURCH STREET,E BRAMBLETON AVENUE
932,HAMPTON BOULEVARD,TERMINAL BOULEVARD
933,AZALEA GARDEN ROAD,LEAFWOOD DRIVE
934,E PRINCESS ANNE ROAD,ARMISTEAD AVENUE
935,HAMPTON BOULEVARD,WOODVIEW AVENUE
936,851 NORVIEW AVENUE,
937,21ST BAY STREET,PRETTY LAKE AVENUE
938,8711 CHESAPEAKE BOULEVARD,
939,WESTCLIFF DRIVE,DOVERCOURT ROAD
940,E PRINCESS ANNE ROAD,INGLESIDE ROAD
941,POWHATAN AVENUE,W 40TH STREET
942,8511 CARLTON STREET,
943,8109 MONA AVENUE,
944,1405 RAMSEY ROAD,
945,1346 CORNWALL PLACE,
946,N MILITARY HIGHWAY,ROBIN HOOD ROAD
947,894 E LITTLE CREEK ROAD,
948,327 TIDEWATER DRIVE,
949,2418 ARKANSAS AVENUE,
950,NORWAY PLACE,MAURY CRESCENT
951,6719 PALEM ROAD,
952,2756 MARTONE ROAD,
953,3741 LAFAYETTE BOULEVARD,
954,6513 CLEMSON AVENUE,
955,1332 HILLSIDE AVENUE,
956,5207 TEXAS AVENUE,
957,5528 BAYBERRY DRIVE,
958,3200 BLOCK OF PRETTY LAKE AVENUE,
959,WATER STREET,PARK AVENUE
960,7TH BAY STREET,PRETTY LAKE AVENUE
961,WATER STREET,PARK AVENUE
962,7TH BAY STREET,PRETTY LAKE AVENUE
963,55 RADER STREET,
964,AMBLER AVENUE,AZALEA GARDEN ROAD
965,ARCADIA STREET,SCOTT STREET
966,TIDEWATER DRIVE,E VIRGINIA BEACH BOULEVARD
967,RABY ROAD,SABRE ROAD
968,E VIRGINIA BEACH BOULEVARD,PARK AVENUE
969,508 MOWBRAY ARCH,
970,COLONIAL AVENUE,35TH STREET
971,E PRINCESS ANNE ROAD,MONTICELLO AVENUE
972,900 BLOCK OF MADISON AVENUE,
973,OXFORD STREET,NEWPORT AVENUE
974,300 BLOCK OF SHIRLEY AVENUE,
975,LLEWELLYN AVENUE,SHIRLEY AVENUE
976,MAGNOLIA AVENUE,HAMPTON BOULEVARD
977,COLLEY AVENUE,W 21ST STREET
978,N MILITARY HIGHWAY,NORVIEW AVENUE
979,300 BLOCK OF E LITTLE CREEK ROAD,
980,W OLNEY ROAD,DUKE STREET
981,1200 BLOCK OF MONTICELLO AVENUE,
982,35TH STREET,HAMPTON BOULEVARD
983,LLEWELLYN AVENUE,W 25TH STREET
984,E PRINCESS ANNE ROAD,SALTER STREET
985,8100 BLOCK OF TIDEWATER DRIVE,
986,3600 BLOCK OF SEWELLS POINT ROAD,
987,BESSIE STREET,JANET DRIVE
988,AZALEA GARDEN ROAD,SHAFER STREET
989,2800 BLOCK OF DUNKIRK AVENUE,
990,E PRINCESS ANNE ROAD,INGLESIDE ROAD
991,E PRINCESS ANNE ROAD,MERRIMAC AVENUE
992,AZALEA GARDEN ROAD,E PRINCESS ANNE ROAD
993,CROMWELL DRIVE,TIDEWATER DRIVE
994,CHESAPEAKE BOULEVARD,E LITTLE CREEK ROAD
995,DIVEN STREET,TERMINAL BOULEVARD
996,HAMPTON BOULEVARD,TERMINAL BOULEVARD
997,CHESAPEAKE BOULEVARD,ROBIN HOOD ROAD
998,I-64E HIGHWAY,KEMPSVILLE ROAD
999,1600 BLOCK OF LAFAYETTE BOULEVARD,
1000,2900 BLOCK OF SOUTH CAPE HENRY AVENUE,
1001,1300 BLOCK OF VIRGILINA AVENUE,
1002,1300 BLOCK OF JOHNSTONS ROAD,
1003,W PRINCESS ANNE ROAD,STOCKLEY GARDENS
1004,PYTHIAN AVENUE,WINSTON STREET
1005,4000 HEUTTE DRIVE,
1006,1300 BLOCK OF KEMPSVILLE ROAD,
1007,E LITTLE CREEK ROAD,SAN ANTONIO BOULEVARD
1008,925 TIFTON STREET,
1009,EDWARD STREET,NORVIEW AVENUE
1010,5812 MONROE PLACE,
1011,BEACH VIEW STREET,LONDON STREET
1012,2023 MEADOW LAKE COURT,
1013,6129 EDISON AVENUE,
1014,9634 SALEM STREET,
1015,7000 BLOCK OF HUNTERS COURT,
1016,1600 BLOCK OF BANNING ROAD,
1017,7000 BLOCK OF GARDNER DRIVE,
1018,6900 BLOCK OF CHIRONNA PLACE,
1019,1629 COLON AVENUE,
1020,5906 MCGINNIS CIRCLE,
1021,2634 MARLBORO AVENUE,
1022,KINGSTON AVENUE,STURGIS STREET
1023,2509 COTTAGE AVENUE,
1024,7700 GLOUCESTER AVENUE,
1025,7700 GLOUCESTER AVENUE,
1026,426 DELAWARE AVENUE,
1027,426 DELAWARE AVENUE,
1028,MAYFLOWER ROAD,NEW JERSEY AVENUE
1029,425 PLEASANT POINT DRIVE,
1030,7012 HUNTERS COURT,
1031,731 MICHIGAN AVENUE,
1032,CALLA AVENUE,STURGIS ROAD
1033,KINGSTON AVENUE,MORWIN STREET
1034,8201 CARLTON STREET,
1035,1300 TEMPLAR BOULEVARD,
1036,7445 HAMPTON BOULEVARD,
1037,446 PEACE HAVEN DRIVE,
1038,E BRAMBLETON AVENUE,TIDEWATER DRIVE
1039,W BAYVIEW BOULEVARD,EXECUTIVE DRIVE
1040,8711 SEMMES AVENUE,
1041,243 GREENBRIER AVENUE,
1042,8100 BLOCK OF GLEN MYRTLE AVENUE,
1043,300 BLOCK OF ROGERS AVENUE,
1044,533 BEECHWOOD AVENUE,
1045,BOUSH CREEK AVENUE,GLENDALE AVENUE
1046,PACE ROAD,RIDGEFIELD DRIVE
1047,REDMON ROAD,SIMMS ROAD
1048,1400 BLOCK OF GODFREY AVENUE,
1049,FORREST AVENUE,EVERGREEN AVENUE
1050,GLEN MYRTLE AVENUE,BEECHWOOD AVENUE
1051,600 BLOCK OF W 23RD STREET,
1052,8014 WOODALL ROAD,
1053,5300 BLOCK OF WYNGATE DRIVE,
1054,5300 BLOCK OF GREENPLAIN ROAD,
1055,1100 BLOCK OF EASTOVER ROAD,
1056,3507 POMROY AVENUE,
1057,5512 JANET DRIVE,
1058,5531 KILMER LANE,
1059,ROLFE AVENUE,WALNUT HILL STREET
1060,SURREY CRESCENT,UPPER BRANDON PLACE
1061,916 LITTLE BAY AVENUE,
1062,9500 BLOCK OF 10TH BAY STREET,
1063,4245 HEUTTE DRIVE,
1064,7945 RANSOM ROAD,
1065,1510 CRANE AVENUE,
1066,2538 WEST AZALEA POINT ROAD,
1067,2460 RANKIN COURT,
1068,3829 WEDGEFIELD AVENUE,
1069,5371 WYNGATE DRIVE,
1070,2733 AYLIFF ROAD,
1071,3500 BLOCK OF SEWELLS POINT ROAD,
